id,future_correction_dx_1,future_correction_dy_1,future_correction_dx_2,future_correction_dy_2,future_correction_dx_3,future_correction_dy_3,future_correction_dx_4,future_correction_dy_4,future_correction_dx_5,future_correction_dy_5,future_correction_dx_6,future_correction_dy_6,future_correction_dx_7,future_correction_dy_7,future_correction_dx_8,future_correction_dy_8
004555f39b0d70a8,-0.0038715999421393018,0.00026308289715741903,-0.0077431998842786036,0.0005261657943148381,-0.011614799826417905,0.000789248691472257,-0.015486399768557207,0.0010523315886296761,-0.01935799971069651,0.0013154144857870952,-0.02322959965283581,0.001578497382944514,-0.027101199594975114,0.0018415802801019332,-0.030972799537114414,0.0021046631772593523
016f7d26ed4c4654,-0.0064284391591386365,-0.005948518336407057,-0.012856878318277273,-0.011897036672814113,-0.01928531747741591,-0.01784555500922117,-0.025713756636554546,-0.023794073345628226,-0.03214219579569318,-0.02974259168203528,-0.03857063495483182,-0.03569111001844234,-0.04499907411397046,-0.0416396283548494,-0.05142751327310909,-0.04758814669125645
023240e1c17ccde7,-0.005464746380379778,0.00255438677617463,-0.010929492760759557,0.00510877355234926,-0.016394239141139334,0.007663160328523889,-0.021858985521519114,0.01021754710469852,-0.027323731901898893,0.01277193388087315,-0.03278847828227867,0.015326320657047778,-0.03825322466265845,0.01788070743322241,-0.04371797104303823,0.02043509420939704
027fea8a7f9e3e6f,-0.002072297671441466,-0.004385802140425111,-0.004144595342882932,-0.008771604280850222,-0.006216893014324399,-0.013157406421275334,-0.008289190685765864,-0.017543208561700444,-0.01036148835720733,-0.021929010702125554,-0.012433786028648797,-0.026314812842550668,-0.014506083700090263,-0.030700614982975778,-0.01657838137153173,-0.03508641712340089
03fd1ed428086937,0.0028559428387312097,-0.0026211167436801684,0.005711885677462419,-0.005242233487360337,0.008567828516193629,-0.007863350231040504,0.011423771354924839,-0.010484466974720674,0.014279714193656048,-0.013105583718400843,0.017135657032387258,-0.01572670046208101,0.019991599871118468,-0.018347817205761178,0.022847542709849678,-0.020968933949441347
04fbca7423f2485e,-0.0030975997157162987,0.0004900719431468625,-0.006195199431432597,0.000980143886293725,-0.009292799147148896,0.0014702158294405874,-0.012390398862865195,0.00196028777258745,-0.015487998578581493,0.0024503597157343126,-0.018585598294297793,0.0029404316588811747,-0.02168319801001409,0.0034305036020280373,-0.02478079772573039,0.0039205755451749
05618bd10241210c,0.0031069479467724834,-0.0056363905828182015,0.006213895893544967,-0.011272781165636403,0.00932084384031745,-0.016909171748454604,0.012427791787089934,-0.022545562331272806,0.015534739733862418,-0.028181952914091007,0.0186416876806349,-0.03381834349690921,0.021748635627407385,-0.03945473407972741,0.024855583574179867,-0.04509112466254561
0769cecf5344804d,-0.004262441841523346,-0.0009445600134814185,-0.008524883683046693,-0.001889120026962837,-0.012787325524570039,-0.0028336800404442555,-0.017049767366093385,-0.003778240053925674,-0.02131220920761673,-0.004722800067407092,-0.025574651049140078,-0.005667360080888511,-0.029837092890663424,-0.006611920094369929,-0.03409953473218677,-0.007556480107851348
082ae4302177ba08,0.0008378862994678979,0.003222691885082928,0.0016757725989357958,0.006445383770165856,0.0025136588984036937,0.009668075655248784,0.0033515451978715916,0.012890767540331713,0.0041894314973394894,0.01611345942541464,0.005027317796807387,0.019336151310497568,0.005865204096275285,0.0225588431955805,0.006703090395743183,0.025781535080663425
083c0ede2ec301bf,0.002895196390330868,-0.0023892312258500118,0.005790392780661736,-0.0047784624517000236,0.008685589170992604,-0.007167693677550035,0.011580785561323472,-0.009556924903400047,0.01447598195165434,-0.011946156129250058,0.01737117834198521,-0.01433538735510007,0.020266374732316076,-0.016724618580950083,0.023161571122646944,-0.019113849806800094
088e2216717df4ff,-0.005652241302969745,-0.0013886740577800758,-0.01130448260593949,-0.0027773481155601515,-0.016956723908909236,-0.004166022173340228,-0.02260896521187898,-0.005554696231120303,-0.028261206514848727,-0.006943370288900378,-0.03391344781781847,-0.008332044346680455,-0.039565689120788214,-0.00972071840446053,-0.04521793042375796,-0.011109392462240606
09ae9a2415cee050,-0.0058387593575044165,-0.0005766264866735206,-0.011677518715008833,-0.0011532529733470412,-0.01751627807251325,-0.0017298794600205617,-0.023355037430017666,-0.0023065059466940824,-0.029193796787522083,-0.002883132433367603,-0.0350325561450265,-0.0034597589200411234,-0.04087131550253092,-0.004036385406714645,-0.04671007486003533,-0.004613011893388165
09d2cff8a8f4da67,-0.004716396407267636,-0.0013576664956226133,-0.009432792814535271,-0.0027153329912452265,-0.014149189221802907,-0.00407299948686784,-0.018865585629070543,-0.005430665982490453,-0.023581982036338177,-0.006788332478113066,-0.028298378443605814,-0.00814599897373568,-0.03301477485087345,-0.009503665469358293,-0.037731171258141086,-0.010861331964980906
0b29c7b4220eefac,-0.0025191106959748747,-0.0026329511234611082,-0.005038221391949749,-0.0052659022469222164,-0.007557332087924624,-0.007898853370383326,-0.010076442783899499,-0.010531804493844433,-0.012595553479874374,-0.01316475561730554,-0.015114664175849248,-0.01579770674076665,-0.017633774871824125,-0.01843065786422776,-0.020152885567798998,-0.021063608987688866
0f5273416ba442ba,-0.003652344885172136,-0.0008374581997041068,-0.007304689770344272,-0.0016749163994082136,-0.01095703465551641,-0.0025123745991123205,-0.014609379540688545,-0.003349832798816427,-0.01826172442586068,-0.004187290998520534,-0.02191406931103282,-0.005024749198224641,-0.025566414196204954,-0.005862207397928748,-0.02921875908137709,-0.006699665597632854
11220285d933bce7,-0.006032446806353255,-5.256421978504216e-05,-0.01206489361270651,-0.00010512843957008433,-0.018097340419059766,-0.00015769265935512648,-0.02412978722541302,-0.00021025687914016865,-0.030162234031766277,-0.0002628210989252108,-0.03619468083811953,-0.00031538531871025296,-0.042227127644472784,-0.00036794953849529513,-0.04825957445082604,-0.0004205137582803373
13bffd66da4e69d6,-0.0033156792938170442,-0.00020039081303853152,-0.0066313585876340885,-0.00040078162607706303,-0.009947037881451133,-0.0006011724391155945,-0.013262717175268177,-0.0008015632521541261,-0.01657839646908522,-0.0010019540651926575,-0.019894075762902266,-0.001202344878231189,-0.02320975505671931,-0.0014027356912697207,-0.026525434350536354,-0.0016031265043082521
15a0deb81c5a7ee6,-0.0014787813902246555,-0.003231714074962407,-0.002957562780449311,-0.006463428149924814,-0.004436344170673966,-0.00969514222488722,-0.005915125560898622,-0.012926856299849628,-0.007393906951123278,-0.016158570374812036,-0.008872688341347933,-0.01939028444977444,-0.01035146973157259,-0.02262199852473685,-0.011830251121797244,-0.025853712599699256
15f5d343a3e9edaf,-0.003380277365349965,-0.0008028787550532155,-0.00676055473069993,-0.001605757510106431,-0.010140832096049894,-0.0024086362651596464,-0.01352110946139986,-0.003211515020212862,-0.016901386826749826,-0.004014393775266078,-0.02028166419209979,-0.004817272530319293,-0.023661941557449752,-0.005620151285372509,-0.02704221892279972,-0.006423030040425724
18fd12870bf98736,-0.004886992835161695,-0.0006363920063673516,-0.00977398567032339,-0.0012727840127347032,-0.014660978505485084,-0.0019091760191020548,-0.01954797134064678,-0.0025455680254694063,-0.024434964175808475,-0.003181960031836758,-0.02932195701097017,-0.0038183520382041097,-0.03420894984613186,-0.004454744044571461,-0.03909594268129356,-0.005091136050938813
190a1ac5a62fa617,0.002460175197726213,-0.0027981263232147386,0.004920350395452426,-0.005596252646429477,0.00738052559317864,-0.008394378969644217,0.009840700790904853,-0.011192505292858954,0.012300875988631065,-0.013990631616073692,0.01476105118635728,-0.016788757939288433,0.017221226384083493,-0.01958688426250317,0.019681401581809706,-0.02238501058571791
19702fd70b29972d,-0.0023433273260141238,-0.0029301223993529967,-0.0046866546520282475,-0.005860244798705993,-0.007029981978042371,-0.00879036719805899,-0.009373309304056495,-0.011720489597411987,-0.01171663663007062,-0.014650611996764984,-0.014059963956084743,-0.01758073439611798,-0.016403291282098866,-0.020510856795470978,-0.01874661860811299,-0.023440979194823974
198b3e7f0a0a48b7,0.0028703337295831735,-0.002787866820104722,0.005740667459166347,-0.005575733640209444,0.00861100118874952,-0.008363600460314166,0.011481334918332694,-0.011151467280418888,0.014351668647915868,-0.01393933410052361,0.01722200237749904,-0.01672720092062833,0.020092336107082213,-0.019515067740733055,0.022962669836665388,-0.022302934560837775
19cf734761e19ab0,-0.0030725196530927644,-0.0018213351637383249,-0.006145039306185529,-0.0036426703274766497,-0.009217558959278293,-0.005464005491214974,-0.012290078612371058,-0.0072853406549532995,-0.015362598265463823,-0.009106675818691625,-0.018435117918556586,-0.010928010982429948,-0.021507637571649352,-0.012749346146168274,-0.024580157224742116,-0.014570681309906599
1a03613ceb9aeb2f,-0.003467476828791231,-0.001480406998323238,-0.006934953657582462,-0.002960813996646476,-0.010402430486373694,-0.0044412209949697135,-0.013869907315164924,-0.005921627993292952,-0.017337384143956157,-0.00740203499161619,-0.020804860972747388,-0.008882441989939427,-0.024272337801538618,-0.010362848988262665,-0.02773981463032985,-0.011843255986585904
1aaf1d6c3e692a4b,0.024230643441225275,0.0020524178067916157,0.04846128688245055,0.004104835613583231,0.07269193032367582,0.0061572534203748475,0.0969225737649011,0.008209671227166463,0.12115321720612637,0.010262089033958078,0.14538386064735165,0.012314506840749695,0.16961450408857692,0.01436692464754131,0.1938451475298022,0.016419342454332925
1c42e4c38afb2bb3,0.003202203611889974,-0.004265624658356885,0.006404407223779948,-0.00853124931671377,0.009606610835669922,-0.012796873975070653,0.012808814447559895,-0.01706249863342754,0.01601101805944987,-0.021328123291784424,0.019213221671339844,-0.025593747950141306,0.022415425283229817,-0.02985937260849819,0.02561762889511979,-0.03412499726685508
1d2993ad5bc27f2b,-0.00365882272454855,-0.003968183215640944,-0.0073176454490971,-0.007936366431281887,-0.01097646817364565,-0.011904549646922832,-0.0146352908981942,-0.015872732862563774,-0.01829411362274275,-0.019840916078204717,-0.0219529363472913,-0.023809099293845663,-0.02561175907183985,-0.027777282509486606,-0.0292705817963884,-0.03174546572512755
1d5929b4a9066e71,0.004119026847596357,-0.0002697243144356741,0.008238053695192715,-0.0005394486288713482,0.012357080542789072,-0.0008091729433070223,0.01647610739038543,-0.0010788972577426964,0.020595134237981788,-0.0013486215721783706,0.024714161085578144,-0.0016183458866140445,0.0288331879331745,-0.0018880702010497187,0.03295221478077086,-0.002157794515485393
1df659723d79ab51,-0.0019789239122283996,-0.004908397019727575,-0.003957847824456799,-0.00981679403945515,-0.005936771736685199,-0.014725191059182723,-0.007915695648913599,-0.0196335880789103,-0.009894619561141998,-0.024541985098637874,-0.011873543473370399,-0.029450382118365447,-0.013852467385598798,-0.03435877913809302,-0.015831391297827197,-0.0392671761578206
1edde66d0740546b,0.0014391129946646419,-0.0038043947952748187,0.0028782259893292837,-0.007608789590549637,0.004317338983993926,-0.011413184385824456,0.0057564519786585675,-0.015217579181099275,0.007195564973323209,-0.019021973976374094,0.008634677967987852,-0.02282636877164891,0.010073790962652493,-0.026630763566923732,0.011512903957317135,-0.03043515836219855
1fe139ca10b098a0,-0.002941845652730393,0.0017175150871055983,-0.005883691305460786,0.0034350301742111966,-0.00882553695819118,0.005152545261316795,-0.011767382610921572,0.006870060348422393,-0.014709228263651964,0.008587575435527992,-0.01765107391638236,0.01030509052263359,-0.02059291956911275,0.012022605609739188,-0.023534765221843144,0.013740120696844786
1fe39b9a2aef0b47,-0.003393999660868667,-0.000290535922634587,-0.006787999321737334,-0.000581071845269174,-0.010181998982606001,-0.0008716077679037611,-0.013575998643474668,-0.001162143690538348,-0.016969998304343335,-0.001452679613172935,-0.020363997965212002,-0.0017432155358075223,-0.02375799762608067,-0.0020337514584421092,-0.027151997286949336,-0.002324287381076696
21988731c4526221,-0.0001925567338134515,-0.0034057686372036436,-0.000385113467626903,-0.006811537274407287,-0.0005776702014403545,-0.01021730591161093,-0.000770226935253806,-0.013623074548814574,-0.0009627836690672575,-0.017028843186018217,-0.001155340402880709,-0.02043461182322186,-0.0013478971366941606,-0.023840380460425505,-0.001540453870507612,-0.02724614909762915
22db184a5d8b2841,0.00278774766031357,0.002409016003361692,0.00557549532062714,0.004818032006723384,0.00836324298094071,0.007227048010085076,0.01115099064125428,0.009636064013446768,0.01393873830156785,0.01204508001680846,0.01672648596188142,0.014454096020170152,0.01951423362219499,0.016863112023531843,0.02230198128250856,0.019272128026893535
232f3c64b85c39a7,-0.0038069971858135624,-0.00047219882227686005,-0.007613994371627125,-0.0009443976445537201,-0.011420991557440687,-0.0014165964668305803,-0.01522798874325425,-0.0018887952891074402,-0.019034985929067813,-0.0023609941113843,-0.022841983114881375,-0.0028331929336611605,-0.026648980300694937,-0.0033053917559380205,-0.0304559774865085,-0.0037775905782148804
24d3c834b2a7fd14,0.00550574078707892,0.005765200653231047,0.01101148157415784,0.011530401306462094,0.01651722236123676,0.01729560195969314,0.02202296314831568,0.02306080261292419,0.027528703935394597,0.028826003266155236,0.03303444472247352,0.03459120391938628,0.03854018550955244,0.04035640457261733,0.04404592629663136,0.04612160522584838
25f52f2fce390fba,-0.004767883739445452,0.0002756447246796093,-0.009535767478890903,0.0005512894493592186,-0.014303651218336355,0.0008269341740388279,-0.019071534957781806,0.0011025788987184372,-0.023839418697227256,0.0013782236233980465,-0.02860730243667271,0.0016538683480776559,-0.03337518617611816,0.0019295130727572652,-0.03814306991556361,0.0022051577974368745
2642c327cb8a6032,-0.02926720201678335,-0.0033142719475063834,-0.0585344040335667,-0.006628543895012767,-0.08780160605035006,-0.00994281584251915,-0.1170688080671334,-0.013257087790025534,-0.14633601008391675,-0.01657135973753192,-0.17560321210070012,-0.0198856316850383,-0.20487041411748347,-0.023199903632544684,-0.2341376161342668,-0.026514175580051067
289db73dfc323946,-0.0014077754834684823,-0.003052982647658885,-0.0028155509669369645,-0.00610596529531777,-0.004223326450405447,-0.009158947942976656,-0.005631101933873929,-0.01221193059063554,-0.007038877417342411,-0.015264913238294424,-0.008446652900810894,-0.01831789588595331,-0.009854428384279376,-0.021370878533612195,-0.011262203867747858,-0.02442386118127108
289ddfc031fb9b33,0.0008477574606667071,-0.0033027583206416172,0.0016955149213334143,-0.0066055166412832345,0.0025432723820001213,-0.009908274961924852,0.0033910298426668285,-0.013211033282566469,0.004238787303333535,-0.016513791603208088,0.0050865447640002425,-0.019816549923849704,0.00593430222466695,-0.02311930824449132,0.006782059685333657,-0.026422066565132938
299c1d3f76ba4282,0.015391206024506216,-0.003730364996935937,0.03078241204901243,-0.007460729993871874,0.04617361807351865,-0.011191094990807811,0.06156482409802486,-0.014921459987743748,0.07695603012253108,-0.018651824984679686,0.0923472361470373,-0.022382189981615622,0.1077384421715435,-0.02611255497855156,0.12312964819604973,-0.029842919975487495
2b2f0e40210ff989,-0.003495500805792008,0.0008848890433337912,-0.006991001611584016,0.0017697780866675825,-0.010486502417376024,0.0026546671300013737,-0.013982003223168032,0.003539556173335165,-0.01747750402896004,0.004424445216668956,-0.02097300483475205,0.005309334260002747,-0.024468505640544057,0.006194223303336539,-0.027964006446336065,0.00707911234667033
2beb0510697b3f84,-0.019719524682381317,-0.01116953265695853,-0.039439049364762634,-0.02233906531391706,-0.05915857404714395,-0.03350859797087559,-0.07887809872952527,-0.04467813062783412,-0.09859762341190659,-0.055847663284792654,-0.1183171480942879,-0.06701719594175118,-0.13803667277666923,-0.07818672859870972,-0.15775619745905053,-0.08935626125566824
2de58ec45e155868,-0.0029966530307130985,-0.003874912031407468,-0.005993306061426197,-0.007749824062814936,-0.008989959092139295,-0.011624736094222404,-0.011986612122852394,-0.015499648125629872,-0.014983265153565493,-0.01937456015703734,-0.01797991818427859,-0.02324947218844481,-0.02097657121499169,-0.027124384219852277,-0.023973224245704788,-0.030999296251259745
3008b2e039c96880,-0.0018291978889824836,-0.003251607584101052,-0.0036583957779649672,-0.006503215168202104,-0.005487593666947451,-0.009754822752303155,-0.0073167915559299345,-0.013006430336404208,-0.009145989444912418,-0.01625803792050526,-0.010975187333894902,-0.01950964550460631,-0.012804385222877385,-0.022761253088707363,-0.014633583111859869,-0.026012860672808415
30712d38a1a8bc7c,-0.0035137023689453873,0.0008888875942811887,-0.007027404737890775,0.0017777751885623774,-0.010541107106836162,0.002666662782843566,-0.01405480947578155,0.003555550377124755,-0.017568511844726936,0.004444437971405943,-0.021082214213672325,0.005333325565687132,-0.02459591658261771,0.006222213159968321,-0.0281096189515631,0.00711110075424951
30ae3464263e507d,-0.0035869988137141842,8.985151142507706e-06,-0.0071739976274283685,1.797030228501541e-05,-0.010760996441142553,2.6955453427523117e-05,-0.014347995254856737,3.594060457003082e-05,-0.017934994068570922,4.492575571253853e-05,-0.021521992882285106,5.3910906855046234e-05,-0.02510899169599929,6.289605799755395e-05,-0.028695990509713474,7.188120914006164e-05
30eed63845f59549,0.0021690206431455718,-0.0029564855981479457,0.0043380412862911435,-0.005912971196295891,0.006507061929436715,-0.008869456794443837,0.008676082572582287,-0.011825942392591783,0.01084510321572786,-0.014782427990739729,0.01301412385887343,-0.017738913588887673,0.015183144502019002,-0.02069539918703562,0.017352165145164574,-0.023651884785183565
31b3fe4b27f496eb,-0.0030179590172756685,0.000807298554952251,-0.006035918034551337,0.001614597109904502,-0.009053877051827006,0.002421895664856753,-0.012071836069102674,0.003229194219809004,-0.015089795086378342,0.004036492774761254,-0.018107754103654013,0.004843791329713506,-0.02112571312092968,0.005651089884665757,-0.024143672138205348,0.006458388439618008
31f0c2d8875f113f,-0.0022506042786600037,0.0023682421012646403,-0.0045012085573200075,0.004736484202529281,-0.006751812835980011,0.007104726303793921,-0.009002417114640015,0.009472968405058561,-0.01125302139330002,0.011841210506323202,-0.013503625671960022,0.014209452607587842,-0.015754229950620025,0.01657769470885248,-0.01800483422928003,0.018945936810117123
32be6c367d20d7e9,0.001120824162601629,-0.00407778350822865,0.002241648325203258,-0.0081555670164573,0.0033624724878048872,-0.01223335052468595,0.004483296650406516,-0.0163111340329146,0.005604120813008146,-0.020388917541143248,0.0067249449756097745,-0.0244667010493719,0.007845769138211403,-0.02854448455760055,0.008966593300813033,-0.0326222680658292
3364ee6a68f79167,0.003047635360132658,0.0022474228075053033,0.006095270720265316,0.004494845615010607,0.009142906080397974,0.00674226842251591,0.012190541440530632,0.008989691230021213,0.01523817680066329,0.011237114037526516,0.018285812160795948,0.01348453684503182,0.021333447520928604,0.015731959652537122,0.024381082881061264,0.017979382460042426
336db68941051078,0.0003135119248883996,-0.0034522998967474305,0.0006270238497767992,-0.006904599793494861,0.0009405357746651987,-0.010356899690242291,0.0012540476995535983,-0.013809199586989722,0.001567559624441998,-0.017261499483737154,0.0018810715493303974,-0.020713799380484583,0.002194583474218797,-0.02416609927723201,0.0025080953991071966,-0.027618399173979444
340032b33e65d9ce,-0.003426964477679546,0.0004017526299159928,-0.006853928955359092,0.0008035052598319856,-0.010280893433038637,0.0012052578897479784,-0.013707857910718184,0.0016070105196639712,-0.017134822388397728,0.002008763149579964,-0.020561786866077274,0.0024105157794959567,-0.02398875134375682,0.00281226840941195,-0.027415715821436367,0.0032140210393279424
340077efc38f468f,-0.0034506761744188185,0.0006158317305615644,-0.006901352348837637,0.0012316634611231289,-0.010352028523256455,0.0018474951916846933,-0.013802704697675274,0.0024633269222462577,-0.017253380872094094,0.003079158652807822,-0.02070405704651291,0.0036949903833693866,-0.02415473322093173,0.004310822113930951,-0.02760540939535055,0.0049266538444925154
346eb8ebed923655,-0.0033593264631641816,-0.0012696551188645846,-0.006718652926328363,-0.002539310237729169,-0.010077979389492545,-0.0038089653565937538,-0.013437305852656727,-0.005078620475458338,-0.01679663231582091,-0.006348275594322923,-0.02015595877898509,-0.0076179307131875075,-0.02351528524214927,-0.008887585832052092,-0.026874611705313453,-0.010157240950916677
34afec69be67018c,-0.005826880283435706,-0.001761050153217153,-0.011653760566871412,-0.003522100306434306,-0.01748064085030712,-0.00528315045965146,-0.023307521133742824,-0.007044200612868612,-0.02913440141717853,-0.008805250766085765,-0.03496128170061424,-0.01056630091930292,-0.04078816198404994,-0.012327351072520072,-0.04661504226748565,-0.014088401225737224
355ef3ce1bf0aa4d,-0.027483379827300487,-0.006941832722165154,-0.054966759654600975,-0.013883665444330309,-0.08245013948190147,-0.02082549816649546,-0.10993351930920195,-0.027767330888660617,-0.13741689913650243,-0.03470916361082577,-0.16490027896380294,-0.04165099633299092,-0.19238365879110342,-0.04859282905515608,-0.2198670386184039,-0.055534661777321234
35aaacc7b99ff5d9,-0.008809903054002314,-0.0007973076501034194,-0.017619806108004628,-0.0015946153002068387,-0.02642970916200694,-0.002391922950310258,-0.035239612216009256,-0.0031892306004136775,-0.044049515270011566,-0.003986538250517097,-0.05285941832401388,-0.004783845900620516,-0.0616693213780162,-0.005581153550723935,-0.07047922443201851,-0.006378461200827355
371adec4acebcbb8,-0.0014857057795029545,-0.003214463758753323,-0.002971411559005909,-0.006428927517506646,-0.004457117338508863,-0.00964339127625997,-0.005942823118011818,-0.012857855035013292,-0.007428528897514773,-0.016072318793766617,-0.008914234677017727,-0.01928678255251994,-0.010399940456520682,-0.02250124631127326,-0.011885646236023636,-0.025715710070026584
375535b5f1f5f9b9,-0.0015535234540881581,-0.005366735851422402,-0.0031070469081763163,-0.010733471702844805,-0.004660570362264475,-0.016100207554267207,-0.006214093816352633,-0.02146694340568961,-0.0077676172704407905,-0.02683367925711201,-0.00932114072452895,-0.032200415108534414,-0.010874664178617106,-0.037567150959956816,-0.012428187632705265,-0.04293388681137922
384f17dd5b4d5179,-0.0010377313711990783,-0.0054330773717803345,-0.0020754627423981565,-0.010866154743560669,-0.0031131941135972346,-0.016299232115341004,-0.004150925484796313,-0.021732309487121338,-0.005188656855995392,-0.02716538685890167,-0.006226388227194469,-0.03259846423068201,-0.007264119598393548,-0.03803154160246234,-0.008301850969592626,-0.043464618974242676
3a9a09d32581b053,-0.004760632854234086,-0.0007291447412557171,-0.009521265708468172,-0.0014582894825114342,-0.014281898562702258,-0.0021874342237671513,-0.019042531416936345,-0.0029165789650228684,-0.02380316427117043,-0.0036457237062785855,-0.028563797125404515,-0.004374868447534303,-0.0333244299796386,-0.005104013188790019,-0.03808506283387269,-0.005833157930045737
3b75bdf62415f82d,-0.0030396672399665937,-0.0016259675097649185,-0.006079334479933187,-0.003251935019529837,-0.00911900171989978,-0.0048779025292947555,-0.012158668959866375,-0.006503870039059674,-0.01519833619983297,-0.008129837548824593,-0.01823800343979956,-0.009755805058589511,-0.021277670679766155,-0.01138177256835443,-0.02431733791973275,-0.013007740078119348
3c60a110d823f045,-0.003185395867807817,0.0006518647771069953,-0.006370791735615634,0.0013037295542139907,-0.00955618760342345,0.001955594331320986,-0.012741583471231268,0.0026074591084279813,-0.015926979339039086,0.0032593238855349767,-0.0191123752068469,0.003911188662641972,-0.02229777107465472,0.004563053439748967,-0.025483166942462537,0.005214918216855963
3d29640603c60515,0.0029284250806657884,-0.0025048202334339077,0.005856850161331577,-0.005009640466867815,0.008785275241997365,-0.0075144607003017234,0.011713700322663154,-0.01001928093373563,0.014642125403328942,-0.012524101167169538,0.01757055048399473,-0.015028921400603447,0.02049897556466052,-0.017533741634037352,0.023427400645326307,-0.02003856186747126
3dbda75f5886616d,-0.0006588810655163308,-0.0031302735770953544,-0.0013177621310326616,-0.006260547154190709,-0.0019766431965489925,-0.009390820731286064,-0.002635524262065323,-0.012521094308381418,-0.003294405327581654,-0.01565136788547677,-0.003953286393097985,-0.018781641462572128,-0.004612167458614315,-0.02191191503966748,-0.005271048524130646,-0.025042188616762835
3e0e5712b10c5175,-0.004826114178682169,-0.0009274476734527243,-0.009652228357364338,-0.0018548953469054487,-0.014478342536046507,-0.002782343020358173,-0.019304456714728677,-0.0037097906938108973,-0.024130570893410846,-0.0046372383672636215,-0.028956685072093015,-0.005564686040716346,-0.03378279925077518,-0.00649213371416907,-0.03860891342945735,-0.007419581387621795
3e9e8b1127f0cc95,-0.000824717364001953,-0.00321925774957255,-0.001649434728003906,-0.0064385154991451,-0.002474152092005859,-0.00965777324871765,-0.003298869456007812,-0.0128770309982902,-0.004123586820009765,-0.01609628874786275,-0.004948304184011718,-0.0193155464974353,-0.0057730215480136715,-0.02253480424700785,-0.006597738912015624,-0.0257540619965804
3f5a50679816a925,0.0011237006163140825,-0.004072683267445187,0.002247401232628165,-0.008145366534890374,0.0033711018489422477,-0.01221804980233556,0.00449480246525633,-0.01629073306978075,0.005618503081570412,-0.020363416337225937,0.006742203697884495,-0.02443609960467112,0.007865904314198577,-0.02850878287211631,0.00898960493051266,-0.0325814661395615
3fef765da28a674e,7.381107334500611e-05,-0.0034544457927984207,0.00014762214669001222,-0.006908891585596841,0.00022143322003501833,-0.010363337378395262,0.00029524429338002444,-0.013817783171193683,0.0003690553667250305,-0.017272228963992102,0.00044286644007003666,-0.020726674756790523,0.0005166775134150428,-0.024181120549588944,0.0005904885867600489,-0.027635566342387365
400b80a7499bb257,-0.010775217426492971,-0.010114646498434876,-0.021550434852985943,-0.020229292996869753,-0.032325652279478916,-0.03034393949530463,-0.043100869705971885,-0.040458585993739506,-0.053876087132464855,-0.05057323249217438,-0.06465130455895783,-0.06068787899060926,-0.0754265219854508,-0.07080252548904413,-0.08620173941194377,-0.08091717198747901
40d16645a475887b,-0.003120609308232427,0.0005986261393217132,-0.006241218616464854,0.0011972522786434265,-0.00936182792469728,0.0017958784179651398,-0.012482437232929708,0.002394504557286853,-0.015603046541162135,0.002993130696608566,-0.01872365584939456,0.0035917568359302796,-0.02184426515762699,0.004190382975251992,-0.024964874465859415,0.004789009114573706
41742fddd78cd5c8,-0.003614033507962235,-0.0009351241425176687,-0.00722806701592447,-0.0018702482850353375,-0.010842100523886705,-0.0028053724275530064,-0.01445613403184894,-0.003740496570070675,-0.018070167539811176,-0.0046756207125883435,-0.02168420104777341,-0.005610744855106013,-0.025298234555735648,-0.006545868997623681,-0.02891226806369788,-0.00748099314014135
4301035c24368621,-0.004122579847247953,-0.0007495510324277082,-0.008245159694495905,-0.0014991020648554164,-0.012367739541743857,-0.0022486530972831245,-0.01649031938899181,-0.0029982041297108328,-0.020612899236239764,-0.003747755162138541,-0.024735479083487714,-0.004497306194566249,-0.028858058930735668,-0.005246857226993957,-0.03298063877798362,-0.0059964082594216655
453db54f10e90a8c,0.0027448034613686096,0.001589713698137374,0.005489606922737219,0.003179427396274748,0.008234410384105828,0.004769141094412122,0.010979213845474439,0.006358854792549496,0.013724017306843049,0.007948568490686871,0.016468820768211656,0.009538282188824245,0.019213624229580267,0.011127995886961619,0.021958427690948877,0.012717709585098992
4598e0f7efa25bde,-0.0031291034030368273,0.0004955873775173221,-0.0062582068060736545,0.0009911747550346442,-0.009387310209110482,0.0014867621325519663,-0.012516413612147309,0.0019823495100692885,-0.015645517015184136,0.0024779368875866106,-0.018774620418220964,0.0029735242651039327,-0.02190372382125779,0.003469111642621255,-0.025032827224294618,0.003964699020138577
462882184d24e976,-0.0015217145075219051,-0.003426092849962652,-0.0030434290150438102,-0.006852185699925304,-0.004565143522565715,-0.010278278549887956,-0.0060868580300876204,-0.013704371399850607,-0.0076085725376095256,-0.01713046424981326,-0.00913028704513143,-0.020556557099775913,-0.010652001552653336,-0.023982649949738564,-0.012173716060175241,-0.027408742799701215
479b45d2bac50da6,-0.0034236183120656184,-0.0003410451843250143,-0.006847236624131237,-0.0006820903686500286,-0.010270854936196856,-0.0010231355529750428,-0.013694473248262473,-0.0013641807373000572,-0.01711809156032809,-0.0017052259216250715,-0.02054170987239371,-0.0020462711059500856,-0.023965328184459327,-0.0023873162902751,-0.027388946496524947,-0.0027283614746001143
487a6e93f2f524f0,-0.003084895680445882,0.0005999886641516741,-0.006169791360891764,0.0011999773283033481,-0.009254687041337646,0.0017999659924550222,-0.012339582721783529,0.0023999546566066962,-0.015424478402229411,0.00299994332075837,-0.018509374082675292,0.0035999319849100444,-0.021594269763121177,0.004199920649061719,-0.024679165443567058,0.0047999093132133925
48b0854b6b3100a4,0.0029677627897662416,-0.0026642721911854395,0.005935525579532483,-0.005328544382370879,0.008903288369298726,-0.007992816573556319,0.011871051159064967,-0.010657088764741758,0.014838813948831207,-0.013321360955927198,0.01780657673859745,-0.015985633147112637,0.020774339528363692,-0.01864990533829808,0.023742102318129933,-0.021314177529483516
48d2eb293946876c,-0.0036299514360448194,-0.0006732484441780617,-0.007259902872089639,-0.0013464968883561234,-0.010889854308134458,-0.002019745332534185,-0.014519805744179277,-0.002692993776712247,-0.018149757180224095,-0.003366242220890309,-0.021779708616268916,-0.00403949066506837,-0.025409660052313737,-0.004712739109246432,-0.029039611488358555,-0.005385987553424494
48d781a0b4b06c72,-0.0013842166262841332,-0.0031214994719566927,-0.0027684332525682665,-0.006242998943913385,-0.0041526498788524,-0.009364498415870079,-0.005536866505136533,-0.01248599788782677,-0.006921083131420666,-0.015607497359783463,-0.0083052997577048,-0.018728996831740157,-0.009689516383988933,-0.02185049630369685,-0.011073733010273066,-0.02497199577565354
4984c51c7bfe683b,-0.0019979168172761575,-0.0037893250948145356,-0.003995833634552315,-0.007578650189629071,-0.005993750451828473,-0.011367975284443606,-0.00799166726910463,-0.015157300379258143,-0.009989584086380787,-0.01894662547407268,-0.011987500903656946,-0.022735950568887213,-0.013985417720933103,-0.02652527566370175,-0.01598333453820926,-0.030314600758516285
4c95e52b7a5576fe,-0.004506055580903045,-0.0034260178458220118,-0.00901211116180609,-0.0068520356916440235,-0.013518166742709135,-0.010278053537466036,-0.01802422232361218,-0.013704071383288047,-0.022530277904515228,-0.01713008922911006,-0.02703633348541827,-0.02055610707493207,-0.03154238906632132,-0.02398212492075408,-0.03604844464722436,-0.027408142766576094
4d11c71f3364ba16,-0.002990229320365807,0.0018565185634303847,-0.005980458640731614,0.0037130371268607695,-0.00897068796109742,0.0055695556902911544,-0.011960917281463227,0.007426074253721539,-0.014951146601829035,0.009282592817151923,-0.01794137592219484,0.011139111380582309,-0.020931605242560648,0.012995629944012693,-0.023921834562926455,0.014852148507443078
4f70c1dad287052d,-0.0025216008714471737,-0.0023718117875410087,-0.005043201742894347,-0.004743623575082017,-0.007564802614341521,-0.007115435362623026,-0.010086403485788695,-0.009487247150164035,-0.012608004357235868,-0.011859058937705044,-0.015129605228683042,-0.014230870725246052,-0.017651206100130216,-0.01660268251278706,-0.02017280697157739,-0.01897449430032807
501654eb85c0d47a,-0.0035662108304143625,-0.00021935680196857798,-0.007132421660828725,-0.00043871360393715595,-0.010698632491243087,-0.0006580704059057339,-0.01426484332165745,-0.0008774272078743119,-0.017831054152071812,-0.00109678400984289,-0.021397264982486175,-0.0013161408118114678,-0.024963475812900537,-0.001535497613780046,-0.0285296866433149,-0.0017548544157486238
5068be8fbb61916a,0.0037254518961000924,-0.0003021962811384282,0.007450903792200185,-0.0006043925622768564,0.011176355688300277,-0.0009065888434152846,0.01490180758440037,-0.0012087851245537128,0.018627259480500463,-0.0015109814056921411,0.022352711376600554,-0.0018131776868305692,0.026078163272700648,-0.0021153739679689973,0.02980361516880074,-0.0024175702491074256
524696b57380d740,0.004256761547665052,-0.0026363116217784843,0.008513523095330103,-0.005272623243556969,0.012770284642995155,-0.007908934865335452,0.017027046190660207,-0.010545246487113937,0.021283807738325257,-0.013181558108892422,0.02554056928599031,-0.015817869730670904,0.029797330833655364,-0.01845418135244939,0.034054092381320414,-0.021090492974227874
574a2a41bce159ae,0.006772830161957234,-0.028923005402317417,0.013545660323914467,-0.057846010804634834,0.020318490485871702,-0.08676901620695225,0.027091320647828935,-0.11569202160926967,0.03386415080978617,-0.14461502701158707,0.040636980971743404,-0.1735380324139045,0.04740981113370064,-0.20246103781622193,0.05418264129565787,-0.23138404321853934
589e6e7811221784,0.00023853382305787685,0.003251050350956389,0.0004770676461157537,0.006502100701912778,0.0007156014691736306,0.009753151052869167,0.0009541352922315074,0.013004201403825556,0.0011926691152893843,0.016255251754781944,0.0014312029383472611,0.019506302105738334,0.001669736761405138,0.022757352456694725,0.0019082705844630148,0.026008402807651113
59f605cd2b331c79,-0.0002544753578608738,-0.00586402441682163,-0.0005089507157217476,-0.01172804883364326,-0.0007634260735826213,-0.01759207325046489,-0.0010179014314434952,-0.02345609766728652,-0.001272376789304369,-0.029320122084108148,-0.0015268521471652426,-0.03518414650092978,-0.0017813275050261165,-0.04104817091775141,-0.0020358028628869903,-0.04691219533457304
5eae7253038e92f1,0.00017088365297502522,-0.005395230702803747,0.00034176730595005043,-0.010790461405607493,0.0005126509589250756,-0.01618569210841124,0.0006835346119001009,-0.021580922811214986,0.0008544182648751261,-0.026976153514018733,0.0010253019178501513,-0.03237138421682248,0.0011961855708251764,-0.037766614919626226,0.0013670692238002017,-0.04316184562242997
5f1e5c0d107912c8,-0.003523615074704471,0.0006173727806827738,-0.007047230149408942,0.0012347455613655476,-0.010570845224113412,0.0018521183420483213,-0.014094460298817883,0.002469491122731095,-0.017618075373522356,0.003086863903413869,-0.021141690448226825,0.0037042366840966427,-0.024665305522931294,0.004321609464779417,-0.028188920597635767,0.00493898224546219
614cf68286cb13c1,-0.005409317047974654,-0.0004260236965929705,-0.010818634095949308,-0.000852047393185941,-0.01622795114392396,-0.0012780710897789115,-0.021637268191898616,-0.001704094786371882,-0.027046585239873272,-0.0021301184829648524,-0.03245590228784792,-0.002556142179557823,-0.03786521933582258,-0.0029821658761507936,-0.04327453638379723,-0.003408189572743764
634dd00f962bbe2c,-0.00018501171752463206,-0.005438808592764495,-0.0003700234350492641,-0.01087761718552899,-0.0005550351525738962,-0.016316425778293488,-0.0007400468700985282,-0.02175523437105798,-0.0009250585876231603,-0.027194042963822475,-0.0011100703051477923,-0.032632851556586975,-0.0012950820226724244,-0.03807166014935147,-0.0014800937401970565,-0.04351046874211596
63e49c21d8af93bc,-0.00063595452167569,-0.0035879927691252586,-0.00127190904335138,-0.007175985538250517,-0.0019078635650270701,-0.010763978307375776,-0.00254381808670276,-0.014351971076501034,-0.00317977260837845,-0.017939963845626294,-0.0038157271300541403,-0.021527956614751553,-0.0044516816517298306,-0.02511594938387681,-0.00508763617340552,-0.02870394215300207
650409a56922d343,-0.00526871728445049,-0.0008394265690255099,-0.01053743456890098,-0.0016788531380510197,-0.01580615185335147,-0.0025182797070765297,-0.02107486913780196,-0.0033577062761020395,-0.02634358642225245,-0.00419713284512755,-0.03161230370670294,-0.005036559414153059,-0.03688102099115343,-0.005875985983178569,-0.04214973827560392,-0.006715412552204079
66116eb5ba582aa3,-0.0050859911399700735,0.00023340751880213679,-0.010171982279940147,0.00046681503760427357,-0.01525797341991022,0.0007002225564064103,-0.020343964559880294,0.0009336300752085471,-0.02542995569985037,0.0011670375940106838,-0.03051594683982044,0.0014004451128128207,-0.03560193797979051,0.0016338526316149575,-0.04068792911976059,0.0018672601504170943
66cd099530667299,-0.006162849343088757,4.565005076272206e-05,-0.012325698686177514,9.130010152544412e-05,-0.01848854802926627,0.00013695015228816618,-0.024651397372355027,0.00018260020305088824,-0.030814246715443784,0.0002282502538136103,-0.03697709605853254,0.00027390030457633235,-0.0431399454016213,0.00031955035533905445,-0.049302794744710055,0.0003652004061017765
67f744d7060de071,-0.005194746670494652,-0.0007866325177289017,-0.010389493340989304,-0.0015732650354578035,-0.015584240011483955,-0.0023598975531867053,-0.02077898668197861,-0.003146530070915607,-0.02597373335247326,-0.003933162588644509,-0.03116848002296791,-0.004719795106373411,-0.036363226693462564,-0.005506427624102312,-0.04155797336395722,-0.006293060141831214
6ab41e984a500aec,-0.005090262737384234,-0.0006823220098634415,-0.010180525474768469,-0.001364644019726883,-0.015270788212152702,-0.0020469660295903244,-0.020361050949536937,-0.002729288039453766,-0.025451313686921172,-0.0034116100493172077,-0.030541576424305404,-0.004093932059180649,-0.03563183916168964,-0.0047762540690440905,-0.040722101899073875,-0.005458576078907532
6b633ec4173b94e2,-0.0017161613232155404,-0.002886049304127905,-0.0034323226464310808,-0.00577209860825581,-0.005148483969646621,-0.008658147912383715,-0.0068646452928621616,-0.01154419721651162,-0.008580806616077703,-0.014430246520639525,-0.010296967939293243,-0.01731629582476743,-0.012013129262508783,-0.020202345128895335,-0.013729290585724323,-0.02308839443302324
6cc61cc9dccbcbd2,-0.009653290601974224,-0.0009917277988661767,-0.019306581203948448,-0.0019834555977323535,-0.028959871805922674,-0.0029751833965985302,-0.038613162407896896,-0.003966911195464707,-0.04826645300987112,-0.004958638994330884,-0.05791974361184535,-0.0059503667931970605,-0.06757303421381956,-0.006942094592063237,-0.07722632481579379,-0.007933822390929414
6dde65f1cd7a7dce,0.0036194327974379795,-0.0011880789140876144,0.007238865594875959,-0.0023761578281752288,0.010858298392313939,-0.0035642367422628433,0.014477731189751918,-0.0047523156563504575,0.0180971639871899,-0.005940394570438072,0.021716596784627878,-0.007128473484525687,0.025336029582065857,-0.0083165523986133,0.028955462379503836,-0.009504631312700915
6ed0a9b99d184959,0.0017770712764981174,0.002515362650212474,0.003554142552996235,0.005030725300424948,0.005331213829494352,0.007546087950637421,0.00710828510599247,0.010061450600849895,0.008885356382490587,0.01257681325106237,0.010662427658988704,0.015092175901274842,0.012439498935486822,0.017607538551487317,0.01421657021198494,0.02012290120169979
70705a108303b673,-0.0031557120172042243,-0.00019878127355165372,-0.006311424034408449,-0.00039756254710330744,-0.009467136051612673,-0.0005963438206549611,-0.012622848068816897,-0.0007951250942066149,-0.01577856008602112,-0.0009939063677582686,-0.018934272103225347,-0.0011926876413099223,-0.02208998412042957,-0.0013914689148615761,-0.025245696137633795,-0.0015902501884132298
75108358b9f4750e,-0.021736330619931667,-0.017408184973986517,-0.04347266123986333,-0.03481636994797303,-0.065208991859795,-0.05222455492195955,-0.08694532247972667,-0.06963273989594607,-0.10868165309965833,-0.08704092486993259,-0.13041798371959,-0.1044491098439191,-0.15215431433952167,-0.12185729481790561,-0.17389064495945333,-0.13926547979189213
75d1693fc875b1c1,-0.0038907067875744066,8.42359005736205e-05,-0.007781413575148813,0.000168471801147241,-0.01167212036272322,0.0002527077017208615,-0.015562827150297626,0.000336943602294482,-0.019453533937872032,0.0004211795028681025,-0.02334424072544644,0.000505415403441723,-0.027234947513020847,0.0005896513040153436,-0.031125654300595253,0.000673887204588964
79e2ee4282b44ddc,-0.0038601254275812385,0.0002318861072800094,-0.007720250855162477,0.0004637722145600188,-0.011580376282743715,0.0006956583218400282,-0.015440501710324954,0.0009275444291200376,-0.019300627137906194,0.001159430536400047,-0.02316075256548743,0.0013913166436800564,-0.027020877993068668,0.0016232027509600656,-0.030881003420649908,0.001855088858240075
7aac19f497893330,-0.0006126097273185621,-0.003431841624325452,-0.0012252194546371242,-0.006863683248650904,-0.0018378291819556862,-0.010295524872976356,-0.0024504389092742484,-0.013727366497301809,-0.0030630486365928107,-0.01715920812162726,-0.0036756583639113724,-0.020591049745952713,-0.004288268091229935,-0.024022891370278167,-0.004900877818548497,-0.027454732994603617
7dbe4d2615631348,-0.0034512436017857615,0.0008609858414644823,-0.006902487203571523,0.0017219716829289646,-0.010353730805357285,0.002582957524393447,-0.013804974407143046,0.003443943365857929,-0.017256218008928806,0.004304929207322412,-0.02070746161071457,0.005165915048786894,-0.024158705212500332,0.006026900890251376,-0.027609948814286092,0.006887886731715858
7dc3ee32f8810475,-0.0032576636939901085,9.724334674903152e-05,-0.006515327387980217,0.00019448669349806305,-0.009772991081970325,0.0002917300402470946,-0.013030654775960434,0.0003889733869961261,-0.016288318469950543,0.0004862167337451576,-0.01954598216394065,0.0005834600804941892,-0.02280364585793076,0.0006807034272432207,-0.026061309551920868,0.0007779467739922522
7f926e33e9cf8abc,-0.0031828417949608936,-0.0004319895385901818,-0.006365683589921787,-0.0008639790771803636,-0.00954852538488268,-0.0012959686157705454,-0.012731367179843574,-0.0017279581543607272,-0.01591420897480447,-0.002159947692950909,-0.01909705076976536,-0.002591937231541091,-0.022279892564726254,-0.0030239267701312727,-0.02546273435968715,-0.0034559163087214545
8133683ff4b2fb32,-0.0032660074742132156,-0.0012950438187346236,-0.006532014948426431,-0.002590087637469247,-0.009798022422639647,-0.0038851314562038707,-0.013064029896852862,-0.005180175274938494,-0.01633003737106608,-0.006475219093673118,-0.019596044845279294,-0.007770262912407741,-0.02286205231949251,-0.009065306731142364,-0.026128059793705725,-0.010360350549876989
838f5ca7b33dd4df,-0.0006406115198516632,-0.004608749389462556,-0.0012812230397033263,-0.009217498778925111,-0.0019218345595549895,-0.013826248168387668,-0.0025624460794066526,-0.018434997557850222,-0.0032030575992583158,-0.023043746947312777,-0.003843669119109979,-0.027652496336775335,-0.0044842806389616425,-0.03226124572623789,-0.005124892158813305,-0.036869995115700445
848b6b2c8475d4af,-0.0025149498373132064,-0.003105509602259322,-0.005029899674626413,-0.006211019204518644,-0.007544849511939619,-0.009316528806777967,-0.010059799349252826,-0.012422038409037288,-0.012574749186566033,-0.01552754801129661,-0.015089699023879239,-0.018633057613555933,-0.017604648861192444,-0.021738567215815255,-0.02011959869850565,-0.024844076818074576
84a62a044aeadd20,-0.0037254852820197246,0.00036298505225660884,-0.007450970564039449,0.0007259701045132177,-0.011176455846059174,0.0010889551567698265,-0.014901941128078898,0.0014519402090264354,-0.018627426410098624,0.0018149252612830442,-0.02235291169211835,0.002177910313539653,-0.026078396974138073,0.002540895365796262,-0.029803882256157797,0.0029038804180528707
84f8948a46e2f3db,-0.0042761094728743345,-0.0017798695243221386,-0.008552218945748669,-0.003559739048644277,-0.012828328418623004,-0.005339608572966416,-0.017104437891497338,-0.007119478097288554,-0.02138054736437167,-0.008899347621610692,-0.02565665683724601,-0.010679217145932831,-0.029932766310120342,-0.01245908667025497,-0.034208875782994676,-0.014238956194577108
86bb7bee95ac7fd3,-0.0032534331634434914,-0.0015159811559252708,-0.006506866326886983,-0.0030319623118505415,-0.009760299490330474,-0.0045479434677758125,-0.013013732653773966,-0.006063924623701083,-0.016267165817217457,-0.0075799057796263536,-0.01952059898066095,-0.009095886935551625,-0.02277403214410444,-0.010611868091476895,-0.02602746530754793,-0.012127849247402166
87b989dd29af1d3c,-0.0006029214341976178,-0.003269184944822549,-0.0012058428683952356,-0.006538369889645098,-0.0018087643025928536,-0.009807554834467647,-0.0024116857367904713,-0.013076739779290195,-0.003014607170988089,-0.016345924724112743,-0.003617528605185707,-0.019615109668935295,-0.0042204500393833244,-0.022884294613757843,-0.004823371473580943,-0.02615347955858039
8ac2d7d9816fa4ed,-0.0035402230448485093,0.0008058495197965693,-0.007080446089697019,0.0016116990395931385,-0.010620669134545528,0.0024175485593897076,-0.014160892179394037,0.003223398079186277,-0.017701115224242548,0.0040292475989828465,-0.021241338269091057,0.004835097118779415,-0.024781561313939566,0.005640946638575985,-0.028321784358788075,0.006446796158372554
8afbf8e20494d7f5,-0.003232051775088403,-0.0002268895526921348,-0.006464103550176806,-0.0004537791053842696,-0.009696155325265209,-0.0006806686580764044,-0.012928207100353611,-0.0009075582107685392,-0.016160258875442014,-0.001134447763460674,-0.019392310650530417,-0.0013613373161528088,-0.02262436242561882,-0.0015882268688449436,-0.025856414200707223,-0.0018151164215370783
8f138e80f9c2c501,-0.00533152985273376,-0.0013555637093793384,-0.01066305970546752,-0.002711127418758677,-0.01599458955820128,-0.004066691128138015,-0.02132611941093504,-0.005422254837517354,-0.0266576492636688,-0.0067778185468966926,-0.03198917911640256,-0.00813338225627603,-0.03732070896913632,-0.009488945965655369,-0.04265223882187008,-0.010844509675034707
8f95dad795730c58,-2.8824612566866115e-05,-0.0031554735023474135,-5.764922513373223e-05,-0.006310947004694827,-8.647383770059834e-05,-0.009466420507042241,-0.00011529845026746446,-0.012621894009389654,-0.00014412306283433058,-0.015777367511737066,-0.00017294767540119668,-0.018932841014084482,-0.0002017722879680628,-0.022088314516431895,-0.00023059690053492892,-0.025243788018779308
91c9348b8c5e36e7,3.9677875648647436e-05,-0.00400343349905243,7.935575129729487e-05,-0.00800686699810486,0.00011903362694594232,-0.01201030049715729,0.00015871150259458974,-0.01601373399620972,0.00019838937824323717,-0.020017167495262153,0.00023806725389188463,-0.02402060099431458,0.00027774512954053203,-0.02802403449336701,0.0003174230051891795,-0.03202746799241944
958c7b0a1df8f6ac,0.0057828784958809994,0.002586487779337881,0.011565756991761999,0.005172975558675762,0.017348635487642997,0.0077594633380136425,0.023131513983523998,0.010345951117351523,0.028914392479405,0.012932438896689404,0.03469727097528599,0.015518926676027285,0.040480149471166994,0.018105414455365166,0.046263027967047995,0.020691902234703047
958e5dc8c431f5f7,-0.004231629873711824,-0.00032108463776009573,-0.008463259747423648,-0.0006421692755201915,-0.012694889621135472,-0.0009632539132802872,-0.016926519494847296,-0.001284338551040383,-0.021158149368559122,-0.0016054231888004786,-0.025389779242270944,-0.0019265078265605744,-0.029621409115982766,-0.00224759246432067,-0.03385303898969459,-0.002568677102080766
96aa57e6f8a6f4f4,-0.004475057884458268,-0.0008813861209457937,-0.008950115768916536,-0.0017627722418915874,-0.013425173653374804,-0.002644158362837381,-0.017900231537833072,-0.003525544483783175,-0.02237528942229134,-0.004406930604728968,-0.02685034730674961,-0.005288316725674762,-0.03132540519120788,-0.006169702846620556,-0.035800463075666145,-0.00705108896756635
97834f433aadc0c1,-0.0020812623513875683,0.002377653317590412,-0.004162524702775137,0.004755306635180824,-0.0062437870541627045,0.0071329599527712355,-0.008325049405550273,0.009510613270361647,-0.010406311756937842,0.01188826658795206,-0.012487574108325409,0.014265919905542471,-0.014568836459712978,0.016643573223132882,-0.016650098811100546,0.019021226540723295
97e8b083b2417199,-0.003758630035497689,-0.00087845853229117,-0.007517260070995378,-0.00175691706458234,-0.011275890106493068,-0.00263537559687351,-0.015034520141990757,-0.00351383412916468,-0.018793150177488446,-0.00439229266145585,-0.022551780212986136,-0.00527075119374702,-0.026310410248483823,-0.00614920972603819,-0.030069040283981514,-0.00702766825832936
9b201bb3c7152a3f,-0.002918212096018357,-0.00228583428197572,-0.005836424192036714,-0.00457166856395144,-0.00875463628805507,-0.0068575028459271605,-0.011672848384073427,-0.00914333712790288,-0.014591060480091783,-0.011429171409878602,-0.01750927257611014,-0.013715005691854321,-0.020427484672128498,-0.01600083997383004,-0.023345696768146854,-0.01828667425580576
9b7bf2ff85482206,-0.0015342202180621334,-0.003081162979170271,-0.003068440436124267,-0.006162325958340542,-0.0046026606541864,-0.009243488937510813,-0.006136880872248534,-0.012324651916681084,-0.007671101090310667,-0.015405814895851355,-0.0092053213083728,-0.018486977875021626,-0.010739541526434934,-0.021568140854191897,-0.012273761744497068,-0.02464930383336217
9de08efc08ed5b8b,-0.005013619857311069,-0.00252016343028936,-0.010027239714622138,-0.00504032686057872,-0.015040859571933206,-0.007560490290868079,-0.020054479429244276,-0.01008065372115744,-0.025068099286555345,-0.0126008171514468,-0.03008171914386641,-0.015120980581736158,-0.035095339001177485,-0.01764114401202552,-0.04010895885848855,-0.02016130744231488
9de34935973d0589,-0.005005256586103819,-0.0006724998237619334,-0.010010513172207637,-0.0013449996475238667,-0.015015769758311457,-0.0020174994712858,-0.020021026344415275,-0.0026899992950477334,-0.025026282930519093,-0.0033624991188096667,-0.030031539516622914,-0.0040349989425716,-0.03503679610272673,-0.004707498766333533,-0.04004205268883055,-0.005379998590095467
9ecc5bcb372b89d4,0.003206634756707434,-0.0032869660767086114,0.006413269513414868,-0.006573932153417223,0.009619904270122302,-0.009860898230125835,0.012826539026829736,-0.013147864306834445,0.01603317378353717,-0.016434830383543056,0.019239808540244603,-0.01972179646025167,0.02244644329695204,-0.02300876253696028,0.025653078053659472,-0.02629572861366889
9f7f8335e6fe8768,-0.005117197728340176,-0.0007347610483199292,-0.010234395456680352,-0.0014695220966398585,-0.015351593185020527,-0.0022042831449597877,-0.020468790913360704,-0.002939044193279717,-0.02558598864170088,-0.003673805241599646,-0.030703186370041054,-0.004408566289919575,-0.03582038409838123,-0.005143327338239505,-0.04093758182672141,-0.005878088386559434
a11ebf8eac56fdcc,-0.0031885665414662814,0.0012238363762091748,-0.006377133082932563,0.0024476727524183495,-0.009565699624398844,0.0036715091286275243,-0.012754266165865126,0.004895345504836699,-0.015942832707331406,0.006119181881045874,-0.019131399248797688,0.007343018257255049,-0.02231996579026397,0.008566854633464224,-0.02550853233173025,0.009790691009673398
a1a561c6c2891b25,-0.002718820227934989,-0.002524071123363868,-0.005437640455869978,-0.005048142246727736,-0.008156460683804967,-0.007572213370091604,-0.010875280911739955,-0.010096284493455471,-0.013594101139674944,-0.012620355616819338,-0.016312921367609933,-0.015144426740183207,-0.019031741595544924,-0.017668497863547076,-0.02175056182347991,-0.020192568986910943
a262dfba528b293c,-0.0030366058005034165,-0.0021094068207639792,-0.006073211601006833,-0.0042188136415279584,-0.00910981740151025,-0.006328220462291938,-0.012146423202013666,-0.008437627283055917,-0.015183029002517083,-0.010547034103819896,-0.0182196348030205,-0.012656440924583876,-0.021256240603523914,-0.014765847745347855,-0.024292846404027332,-0.016875254566111834
a95c4fb025dae298,0.005064737151531855,-0.001997999845524078,0.01012947430306371,-0.003995999691048156,0.015194211454595565,-0.005993999536572234,0.02025894860612742,-0.007991999382096313,0.025323685757659278,-0.00998999922762039,0.03038842290919113,-0.011987999073144469,0.03545316006072299,-0.013985998918668547,0.04051789721225484,-0.015983998764192625
aa2d24625587ca30,-0.004568685472759247,-0.001552279544011854,-0.009137370945518494,-0.003104559088023708,-0.01370605641827774,-0.004656838632035562,-0.018274741891036988,-0.006209118176047416,-0.022843427363796236,-0.00776139772005927,-0.02741211283655548,-0.009313677264071124,-0.03198079830931473,-0.010865956808082979,-0.036549483782073976,-0.012418236352094832
aa8b5f79a35e468f,-0.003907112740553499,0.00011005499205761124,-0.007814225481106997,0.0002201099841152225,-0.011721338221660497,0.00033016497617283373,-0.015628450962213995,0.000440219968230445,-0.019535563702767492,0.0005502749602880562,-0.023442676443320994,0.0006603299523456675,-0.02734978918387449,0.0007703849444032787,-0.03125690192442799,0.00088043993646089
ab2e767781f87cc5,-0.00027629262719474566,-0.0036070989540084165,-0.0005525852543894913,-0.007214197908016833,-0.000828877881584237,-0.01082129686202525,-0.0011051705087789826,-0.014428395816033666,-0.0013814631359737282,-0.01803549477004208,-0.001657755763168474,-0.0216425937240505,-0.0019340483903632197,-0.025249692678058915,-0.0022103410175579653,-0.028856791632067332
ac8dc0a4f1da949f,-0.0033084436711832105,-0.002015498147175773,-0.006616887342366421,-0.004030996294351546,-0.009925331013549631,-0.006046494441527319,-0.013233774684732842,-0.008061992588703092,-0.01654221835591605,-0.010077490735878865,-0.019850662027099262,-0.012092988883054639,-0.023159105698282473,-0.014108487030230411,-0.026467549369465684,-0.016123985177406184
ad30f5eeed9d9be2,-0.00018621838117600394,-0.003566524292260791,-0.0003724367623520079,-0.007133048584521582,-0.0005586551435280119,-0.010699572876782373,-0.0007448735247040158,-0.014266097169043163,-0.0009310919058800196,-0.017832621461303953,-0.0011173102870560237,-0.021399145753564747,-0.0013035286682320276,-0.024965670045825537,-0.0014897470494080315,-0.028532194338086327
ad34b4349e6200a0,0.0025893188978614507,-0.0019257031697989945,0.0051786377957229015,-0.003851406339597989,0.007767956693584353,-0.005777109509396984,0.010357275591445803,-0.007702812679195978,0.012946594489307253,-0.009628515848994972,0.015535913387168705,-0.011554219018793967,0.018125232285030154,-0.01347992218859296,0.020714551182891606,-0.015405625358391956
ad5f7f1bd7a25175,0.005554493765241393,0.0010163145825843767,0.011108987530482785,0.0020326291651687534,0.01666348129572418,0.0030489437477531304,0.02221797506096557,0.004065258330337507,0.027772468826206962,0.005081572912921883,0.03332696259144836,0.006097887495506261,0.03888145635668975,0.007114202078090637,0.04443595012193114,0.008130516660675014
ad88e92ab7a379f3,-0.0016757356704924812,-0.003297099703311603,-0.0033514713409849625,-0.006594199406623206,-0.005027207011477444,-0.009891299109934809,-0.006702942681969925,-0.013188398813246412,-0.008378678352462407,-0.016485498516558013,-0.010054414022954887,-0.019782598219869618,-0.011730149693447368,-0.023079697923181222,-0.01340588536393985,-0.026376797626492823
ae44e050e1c1f380,0.0018565848179658213,-0.004437970715317571,0.0037131696359316425,-0.008875941430635142,0.0055697544538974636,-0.013313912145952712,0.007426339271863285,-0.017751882861270284,0.009282924089829106,-0.022189853576587856,0.011139508907794927,-0.026627824291905425,0.012996093725760749,-0.031065795007222997,0.01485267854372657,-0.03550376572254057
aec300da68571519,-0.002973525996853575,0.0015521776923045688,-0.00594705199370715,0.0031043553846091376,-0.008920577990560724,0.004656533076913706,-0.0118941039874143,0.006208710769218275,-0.014867629984267874,0.007760888461522844,-0.01784115598112145,0.009313066153827413,-0.020814681977975022,0.01086524384613198,-0.0237882079748286,0.01241742153843655
af0b883a65418f41,-0.003209480394426816,-0.0016633528637040027,-0.006418960788853632,-0.0033267057274080055,-0.009628441183280448,-0.004990058591112009,-0.012837921577707264,-0.006653411454816011,-0.01604740197213408,-0.008316764318520013,-0.019256882366560896,-0.009980117182224017,-0.022466362760987714,-0.01164347004592802,-0.02567584315541453,-0.013306822909632022
af64ac9c12e2ea2a,-0.0001999701315672166,-0.003508594809190751,-0.0003999402631344332,-0.007017189618381502,-0.0005999103947016498,-0.010525784427572253,-0.0007998805262688664,-0.014034379236763005,-0.000999850657836083,-0.017542974045953758,-0.0011998207894032996,-0.021051568855144507,-0.0013997909209705161,-0.024560163664335256,-0.0015997610525377327,-0.02806875847352601
afaed7b5098f27bf,-0.0021010368154250987,-0.0027522938392993586,-0.004202073630850197,-0.005504587678598717,-0.006303110446275296,-0.008256881517898076,-0.008404147261700395,-0.011009175357197434,-0.010505184077125494,-0.013761469196496793,-0.012606220892550592,-0.01651376303579615,-0.01470725770797569,-0.01926605687509551,-0.01680829452340079,-0.02201835071439487
afc042071d05492a,0.002331414432158498,-0.002844002766564532,0.004662828864316996,-0.005688005533129064,0.006994243296475494,-0.008532008299693595,0.009325657728633993,-0.011376011066258128,0.011657072160792491,-0.01422001383282266,0.013988486592950988,-0.01706401659938719,0.01631990102510949,-0.019908019365951723,0.018651315457267986,-0.022752022132516255
afe77f5e86b567db,-0.0034402398931414743,-0.001601492429639414,-0.006880479786282949,-0.003202984859278828,-0.010320719679424422,-0.004804477288918242,-0.013760959572565897,-0.006405969718557656,-0.017201199465707372,-0.00800746214819707,-0.020641439358848844,-0.009608954577836485,-0.02408167925199032,-0.011210447007475898,-0.027521919145131794,-0.012811939437115312
b09bed1b0bdcd005,0.002210401396796432,-0.0024047272967561853,0.004420802793592864,-0.004809454593512371,0.006631204190389296,-0.007214181890268556,0.008841605587185728,-0.009618909187024741,0.01105200698398216,-0.012023636483780926,0.013262408380778593,-0.014428363780537112,0.015472809777575024,-0.016833091077293298,0.017683211174371456,-0.019237818374049483
b1a0f8b92e87c731,-0.0038464078610491443,5.3620496738960666e-05,-0.007692815722098289,0.00010724099347792133,-0.011539223583147433,0.000160861490216882,-0.015385631444196577,0.00021448198695584266,-0.01923203930524572,0.00026810248369480333,-0.023078447166294865,0.000321722980433764,-0.02692485502734401,0.00037534347717272466,-0.030771262888393155,0.0004289639739116853
b1da6aa71911806e,-0.0038726459348437325,-0.0003791866503442949,-0.007745291869687465,-0.0007583733006885898,-0.011617937804531197,-0.0011375599510328846,-0.01549058373937493,-0.0015167466013771796,-0.019363229674218663,-0.0018959332517214746,-0.023235875609062394,-0.0022751199020657692,-0.02710852154390613,-0.0026543065524100642,-0.03098116747874986,-0.0030334932027543593
b44ea4592f6f1ffd,-0.002473646500870299,-0.0035924706458767158,-0.004947293001740598,-0.0071849412917534316,-0.007420939502610897,-0.010777411937630148,-0.009894586003481197,-0.014369882583506863,-0.012368232504351496,-0.01796235322938358,-0.014841879005221794,-0.021554823875260296,-0.017315525506092094,-0.02514729452113701,-0.019789172006962393,-0.028739765167013726
b53e59ea47f6b5a0,0.0019962913699437244,-0.002597969254238619,0.003992582739887449,-0.005195938508477238,0.005988874109831174,-0.007793907762715858,0.007985165479774898,-0.010391877016954477,0.009981456849718622,-0.012989846271193095,0.011977748219662347,-0.015587815525431715,0.013974039589606071,-0.018185784779670335,0.015970330959549795,-0.020783754033908954
b60f352202720589,0.0023217968312038094,-0.002545332758533932,0.004643593662407619,-0.005090665517067864,0.006965390493611428,-0.0076359982756017955,0.009287187324815238,-0.010181331034135727,0.011608984156019048,-0.012726663792669658,0.013930780987222856,-0.015271996551203591,0.016252577818426667,-0.017817329309737524,0.018574374649630476,-0.020362662068271455
b666c28338691f5f,-0.0031203087655736384,-0.0018336736289920616,-0.006240617531147277,-0.0036673472579841233,-0.009360926296720916,-0.005501020886976185,-0.012481235062294553,-0.0073346945159682465,-0.015601543827868191,-0.009168368144960307,-0.01872185259344183,-0.01100204177395237,-0.02184216135901547,-0.012835715402944432,-0.024962470124589107,-0.014669389031936493
b6749f97d0dc56c3,-0.0037073629747030263,1.9025241503000135e-05,-0.0074147259494060525,3.805048300600027e-05,-0.01112208892410908,5.7075724509000406e-05,-0.014829451898812105,7.610096601200054e-05,-0.01853681487351513,9.512620751500068e-05,-0.02224417784821816,0.00011415144901800081,-0.025951540822921185,0.00013317669052100093,-0.02965890379762421,0.00015220193202400108
b88f3a3d7bf8875d,0.0015463236439942822,-0.0027504219205769405,0.0030926472879885644,-0.005500843841153881,0.004638970931982847,-0.008251265761730821,0.006185294575977129,-0.011001687682307762,0.007731618219971411,-0.013752109602884702,0.009277941863965694,-0.016502531523461643,0.010824265507959976,-0.019252953444038583,0.012370589151954258,-0.022003375364615524
b98684276de04ef6,-0.0054526003447271315,-0.0013382377223585431,-0.010905200689454263,-0.0026764754447170863,-0.016357801034181395,-0.004014713167075629,-0.021810401378908526,-0.0053529508894341726,-0.027263001723635657,-0.006691188611792716,-0.03271560206836279,-0.008029426334151258,-0.03816820241308992,-0.009367664056509802,-0.04362080275781705,-0.010705901778868345
b98e111eb923421d,-0.0033364192093713295,-6.09221430097692e-05,-0.006672838418742659,-0.0001218442860195384,-0.010009257628113988,-0.00018276642902930758,-0.013345676837485318,-0.0002436885720390768,-0.016682096046856647,-0.000304610715048846,-0.020018515256227977,-0.00036553285805861516,-0.023354934465599306,-0.0004264550010683844,-0.026691353674970636,-0.0004873771440781536
ba3d5204be690567,-0.0012990679078023451,-0.00309065588533811,-0.0025981358156046902,-0.00618131177067622,-0.0038972037234070354,-0.00927196765601433,-0.0051962716312093805,-0.01236262354135244,-0.006495339539011725,-0.01545327942669055,-0.007794407446814071,-0.01854393531202866,-0.009093475354616416,-0.02163459119736677,-0.010392543262418761,-0.02472524708270488
bb485259a8abb69f,-0.005232875246635921,-0.0031550789331536676,-0.010465750493271841,-0.006310157866307335,-0.01569862573990776,-0.009465236799461003,-0.020931500986543682,-0.01262031573261467,-0.026164376233179604,-0.015775394665768338,-0.03139725147981552,-0.018930473598922005,-0.03663012672645145,-0.022085552532075673,-0.041863001973087365,-0.02524063146522934
bee8b8ec1585f9ff,-0.0038661253462187314,0.0012163748865848215,-0.007732250692437463,0.002432749773169643,-0.011598376038656193,0.0036491246597544647,-0.015464501384874926,0.004865499546339286,-0.019330626731093658,0.006081874432924107,-0.023196752077312387,0.0072982493195089294,-0.02706287742353112,0.00851462420609375,-0.03092900276974985,0.009730999092678572
bfd7610c58ca3e07,-0.0031621774692151645,0.0008922671500415013,-0.006324354938430329,0.0017845343000830027,-0.009486532407645493,0.002676801450124504,-0.012648709876860658,0.0035690686001660053,-0.015810887346075823,0.004461335750207507,-0.018973064815290985,0.005353602900249008,-0.02213524228450615,0.006245870050290509,-0.025297419753721316,0.007138137200332011
c437d5811eb19417,-0.004037930738709559,-0.00041027146601584557,-0.008075861477419118,-0.0008205429320316911,-0.012113792216128677,-0.0012308143980475368,-0.016151722954838237,-0.0016410858640633823,-0.020189653693547797,-0.002051357330079228,-0.024227584432257355,-0.0024616287960950735,-0.028265515170966912,-0.002871900262110919,-0.03230344590967647,-0.0032821717281267646
c4779d6614842b9d,0.0003600906333338347,-0.0033683842495283037,0.0007201812666676694,-0.006736768499056607,0.0010802719000015041,-0.010105152748584912,0.0014403625333353387,-0.013473536998113215,0.0018004531666691733,-0.016841921247641518,0.0021605438000030083,-0.020210305497169824,0.002520634433336843,-0.023578689746698127,0.0028807250666706774,-0.02694707399622643
c4b13621a0c5bec2,-0.0023659517917439307,-0.002459454878783182,-0.004731903583487861,-0.004918909757566364,-0.007097855375231792,-0.007378364636349546,-0.009463807166975723,-0.009837819515132728,-0.011829758958719653,-0.012297274393915909,-0.014195710750463584,-0.014756729272699092,-0.016561662542207513,-0.017216184151482274,-0.018927614333951445,-0.019675639030265455
c5bfae78844c53e2,-0.003160098959256828,-0.00038019868098814206,-0.006320197918513656,-0.0007603973619762841,-0.009480296877770484,-0.001140596042964426,-0.012640395837027312,-0.0015207947239525683,-0.01580049479628414,-0.0019009934049407104,-0.018960593755540968,-0.002281192085928852,-0.022120692714797798,-0.0026613907669169943,-0.025280791674054625,-0.0030415894479051365
c6bb61211728bb8e,-0.0021500291621279334,-0.0034871979793709693,-0.004300058324255867,-0.006974395958741939,-0.0064500874863838,-0.010461593938112908,-0.008600116648511734,-0.013948791917483877,-0.010750145810639667,-0.017435989896854846,-0.0129001749727676,-0.020923187876225817,-0.015050204134895533,-0.024410385855596784,-0.017200233297023467,-0.027897583834967755
c7535e8776727fc2,0.005650826117422221,-0.008400212361486836,0.011301652234844441,-0.016800424722973672,0.01695247835226666,-0.025200637084460506,0.022603304469688883,-0.033600849445947344,0.028254130587111105,-0.04200106180743418,0.03390495670453332,-0.05040127416892101,0.03955578282195554,-0.05880148653040785,0.045206608939377765,-0.06720169889189469
c78562d7617424d6,-0.0001584145990796917,-0.0034446771222653334,-0.0003168291981593834,-0.006889354244530667,-0.0004752437972390751,-0.010334031366796,-0.0006336583963187668,-0.013778708489061334,-0.0007920729953984585,-0.017223385611326667,-0.0009504875944781502,-0.020668062733592,-0.001108902193557842,-0.024112739855857334,-0.0012673167926375336,-0.027557416978122667
c79783940dd30919,-0.0008663038370713872,-0.006075105408416149,-0.0017326076741427743,-0.012150210816832298,-0.0025989115112141615,-0.018225316225248447,-0.0034652153482855486,-0.024300421633664596,-0.004331519185356935,-0.030375527042080745,-0.005197823022428323,-0.03645063245049689,-0.0060641268594997105,-0.042525737858913046,-0.006930430696571097,-0.04860084326732919
c81fe926a128305b,0.0005422180723487666,-0.003346298196845697,0.0010844361446975333,-0.006692596393691394,0.0016266542170463,-0.010038894590537091,0.0021688722893950666,-0.013385192787382788,0.002711090361743833,-0.016731490984228485,0.0032533084340926,-0.020077789181074182,0.0037955265064413667,-0.02342408737791988,0.004337744578790133,-0.026770385574765576
c85d1fdc2f1a7559,0.0016609261355115576,-0.0032242709062560407,0.003321852271023115,-0.006448541812512081,0.0049827784065346725,-0.009672812718768123,0.00664370454204623,-0.012897083625024163,0.008304630677557788,-0.016121354531280205,0.009965556813069345,-0.019345625437536245,0.011626482948580904,-0.022569896343792285,0.01328740908409246,-0.025794167250048326
c860e0fbf76491f3,-0.0006608961295598197,-0.0035229630627650788,-0.0013217922591196394,-0.0070459261255301575,-0.001982688388679459,-0.010568889188295237,-0.002643584518239279,-0.014091852251060315,-0.0033044806477990985,-0.017614815313825395,-0.003965376777358918,-0.021137778376590474,-0.004626272906918738,-0.024660741439355552,-0.005287169036478558,-0.02818370450212063
c9480b2bf316f367,-0.0034789759475384106,-0.004614597504351154,-0.006957951895076821,-0.009229195008702309,-0.010436927842615231,-0.013843792513053463,-0.013915903790153642,-0.018458390017404618,-0.017394879737692052,-0.023072987521755774,-0.020873855685230463,-0.027687585026106926,-0.024352831632768874,-0.03230218253045808,-0.027831807580307285,-0.036916780034809235
cbd44da90444a3e7,-0.003927682275275158,0.0006398765864912929,-0.007855364550550316,0.0012797531729825857,-0.011783046825825472,0.0019196297594738787,-0.01571072910110063,0.0025595063459651715,-0.01963841137637579,0.0031993829324564642,-0.023566093651650945,0.0038392595189477574,-0.027493775926926103,0.00447913610543905,-0.03142145820220126,0.005119012691930343
cbea328a1bfa7353,-0.002659889370006142,-0.0018109751283787224,-0.005319778740012284,-0.003621950256757445,-0.007979668110018425,-0.005432925385136168,-0.010639557480024568,-0.00724390051351489,-0.01329944685003071,-0.009054875641893612,-0.01595933622003685,-0.010865850770272335,-0.018619225590042993,-0.012676825898651057,-0.021279114960049136,-0.01448780102702978
cc8813918e73ab2b,-0.005050627025956757,-0.001298947237141192,-0.010101254051913514,-0.002597894474282384,-0.015151881077870272,-0.003896841711423576,-0.020202508103827028,-0.005195788948564768,-0.025253135129783784,-0.00649473618570596,-0.030303762155740543,-0.007793683422847152,-0.035354389181697296,-0.009092630659988344,-0.040405016207654056,-0.010391577897129536
cce0ecb2aa669139,-0.0009533162437034597,-0.0034510922191857674,-0.0019066324874069194,-0.006902184438371535,-0.002859948731110379,-0.010353276657557302,-0.003813264974813839,-0.01380436887674307,-0.004766581218517299,-0.017255461095928838,-0.005719897462220758,-0.020706553315114604,-0.006673213705924218,-0.024157645534300373,-0.007626529949627678,-0.02760873775348614
cd11d76861d8ae5a,0.020548398051933918,0.0009746599918179893,0.041096796103867836,0.0019493199836359786,0.061645194155801754,0.0029239799754539678,0.08219359220773567,0.003898639967271957,0.1027419902596696,0.0048732999590899466,0.12329038831160351,0.0058479599509079355,0.14383878636353742,0.006822619942725925,0.16438718441547134,0.007797279934543914
cde21e844448b290,-0.007228727724935657,-0.0007774239442316308,-0.014457455449871315,-0.0015548478884632616,-0.021686183174806972,-0.0023322718326948925,-0.02891491089974263,-0.003109695776926523,-0.03614363862467829,-0.0038871197211581537,-0.043372366349613944,-0.004664543665389785,-0.0506010940745496,-0.005441967609621416,-0.05782982179948526,-0.006219391553853046
ce379b36d2a24b4f,0.006086641965590176,0.00657028112302782,0.012173283931180352,0.01314056224605564,0.01825992589677053,0.019710843369083457,0.024346567862360703,0.02628112449211128,0.030433209827950877,0.0328514056151391,0.03651985179354106,0.039421686738166914,0.04260649375913123,0.045991967861194735,0.048693135724721406,0.05256224898422256
ce8caafd74003c90,-0.005260800410073716,-0.0005989615609009341,-0.010521600820147432,-0.0011979231218018681,-0.01578240123022115,-0.0017968846827028022,-0.021043201640294863,-0.0023958462436037362,-0.026304002050368577,-0.0029948078045046703,-0.0315648024604423,-0.0035937693654056043,-0.03682560287051601,-0.004192730926306539,-0.042086403280589726,-0.0047916924872074725
cf0ef2569630c4df,-0.0029344783669262306,0.0016497853687934957,-0.005868956733852461,0.0032995707375869914,-0.008803435100778693,0.004949356106380487,-0.011737913467704923,0.006599141475173983,-0.014672391834631152,0.00824892684396748,-0.017606870201557386,0.009898712212760974,-0.020541348568483615,0.011548497581554469,-0.023475826935409845,0.013198282950347966
d0f0b2e599fdedfe,-0.0006481507172932631,-0.0036272466881450234,-0.0012963014345865262,-0.007254493376290047,-0.0019444521518797893,-0.01088174006443507,-0.0025926028691730524,-0.014508986752580093,-0.0032407535864663155,-0.018136233440725118,-0.0038889043037595786,-0.02176348012887014,-0.004537055021052842,-0.025390726817015163,-0.005185205738346105,-0.029017973505160187
d1f5e16bdde1560a,-0.0025051482418481366,-0.0026345090839338726,-0.005010296483696273,-0.005269018167867745,-0.00751544472554441,-0.007903527251801618,-0.010020592967392546,-0.01053803633573549,-0.012525741209240684,-0.013172545419669363,-0.01503088945108882,-0.015807054503603236,-0.017536037692936955,-0.018441563587537107,-0.020041185934785093,-0.02107607267147098
d327512d82342232,-0.005427187831998234,-0.0015512683555332458,-0.010854375663996468,-0.0031025367110664916,-0.016281563495994703,-0.0046538050665997375,-0.021708751327992937,-0.006205073422132983,-0.02713593915999117,-0.007756341777666229,-0.032563126991989405,-0.009307610133199475,-0.03799031482398764,-0.01085887848873272,-0.04341750265598587,-0.012410146844265967
d441d849c84ccad8,-0.004578128446216243,-0.0027437300484285145,-0.009156256892432485,-0.005487460096857029,-0.013734385338648729,-0.008231190145285543,-0.01831251378486497,-0.010974920193714058,-0.022890642231081212,-0.013718650242142572,-0.027468770677297458,-0.016462380290571087,-0.032046899123513696,-0.0192061103389996,-0.03662502756972994,-0.021949840387428116
d4a3ad958f92a32a,-0.00428826685475714,0.0011008380597766511,-0.00857653370951428,0.0022016761195533022,-0.01286480056427142,0.003302514179329953,-0.01715306741902856,0.0044033522391066044,-0.0214413342737857,0.005504190298883256,-0.02572960112854284,0.006605028358659906,-0.03001786798329998,0.0077058664184365576,-0.03430613483805712,0.008806704478213209
d55ca2497d8cd514,-0.0043323205836263865,0.0008399362118510109,-0.008664641167252773,0.0016798724237020218,-0.012996961750879159,0.0025198086355530326,-0.017329282334505546,0.0033597448474040436,-0.021661602918131934,0.004199681059255054,-0.025993923501758318,0.005039617271106065,-0.030326244085384705,0.005879553482957076,-0.03465856466901109,0.006719489694808087
d5dc399cb015b0e7,-0.003482416332045005,-0.00033674629323090756,-0.00696483266409001,-0.0006734925864618151,-0.010447248996135016,-0.0010102388796927226,-0.01392966532818002,-0.0013469851729236303,-0.017412081660225027,-0.0016837314661545379,-0.02089449799227003,-0.0020204777593854453,-0.024376914324315036,-0.002357224052616353,-0.02785933065636004,-0.0026939703458472605
d66466bf2af1a69b,0.003807478080691762,-0.0011864373383535022,0.007614956161383524,-0.0023728746767070043,0.011422434242075286,-0.0035593120150605065,0.015229912322767047,-0.004745749353414009,0.01903739040345881,-0.00593218669176751,0.02284486848415057,-0.007118624030121013,0.026652346564842333,-0.008305061368474516,0.030459824645534095,-0.009491498706828017
d670beec90e09598,-0.000487937094137392,-0.003776861824055225,-0.000975874188274784,-0.00755372364811045,-0.0014638112824121759,-0.011330585472165675,-0.001951748376549568,-0.0151074472962209,-0.00243968547068696,-0.018884309120276124,-0.0029276225648243517,-0.02266117094433135,-0.003415559658961744,-0.026438032768386573,-0.003903496753099136,-0.0302148945924418
d69979d9fa9f40bf,-0.0027004209568524434,-0.0022535861999116676,-0.005400841913704887,-0.004507172399823335,-0.00810126287055733,-0.006760758599735003,-0.010801683827409774,-0.00901434479964667,-0.013502104784262217,-0.011267930999558338,-0.01620252574111466,-0.013521517199470007,-0.018902946697967105,-0.015775103399381672,-0.021603367654819548,-0.01802868959929334
d74ab0b7e5079463,-0.0013608378765175612,-0.0030319885304575874,-0.0027216757530351223,-0.006063977060915175,-0.004082513629552684,-0.009095965591372763,-0.005443351506070245,-0.01212795412183035,-0.006804189382587806,-0.015159942652287936,-0.008165027259105367,-0.018191931182745525,-0.009525865135622927,-0.021223919713203112,-0.01088670301214049,-0.0242559082436607
d8000dbfd569baaa,-0.008697379713423511,-0.0008908279929754575,-0.017394759426847022,-0.001781655985950915,-0.02609213914027053,-0.0026724839789263725,-0.034789518853694044,-0.00356331197190183,-0.04348689856711756,-0.004454139964877288,-0.05218427828054106,-0.005344967957852745,-0.060881657993964576,-0.006235795950828202,-0.06957903770738809,-0.00712662394380366
d8bf72ccd1a3e064,0.0016779259922090688,-0.0028891249615250574,0.0033558519844181377,-0.005778249923050115,0.005033777976627207,-0.008667374884575172,0.006711703968836275,-0.01155649984610023,0.008389629961045345,-0.014445624807625287,0.010067555953254414,-0.017334749769150344,0.011745481945463482,-0.0202238747306754,0.01342340793767255,-0.02311299969220046
d8d854a224c6f6f0,0.0034969335581123,1.671872713238223e-06,0.0069938671162246,3.343745426476446e-06,0.0104908006743369,5.0156181397146685e-06,0.0139877342324492,6.687490852952892e-06,0.0174846677905615,8.359363566191115e-06,0.0209816013486738,1.0031236279429337e-05,0.0244785349067861,1.170310899266756e-05,0.0279754684648984,1.3374981705905784e-05
da37bd4ce60c3942,-0.0013871261434631886,-0.0028916971051690743,-0.0027742522869263772,-0.005783394210338149,-0.004161378430389566,-0.008675091315507224,-0.0055485045738527545,-0.011566788420676297,-0.006935630717315943,-0.01445848552584537,-0.008322756860779133,-0.017350182631014448,-0.00970988300424232,-0.02024187973618352,-0.011097009147705509,-0.023133576841352595
da5f7f84cd4f4991,-0.005913644477610481,-0.001292704746499054,-0.011827288955220961,-0.002585409492998108,-0.01774093343283144,-0.003878114239497162,-0.023654577910441923,-0.005170818985996216,-0.029568222388052404,-0.00646352373249527,-0.03548186686566288,-0.007756228478994324,-0.041395511343273364,-0.009048933225493378,-0.047309155820883846,-0.010341637971992432
dac8047fb725b179,-0.003036824241104374,0.0004906206381696794,-0.006073648482208748,0.0009812412763393588,-0.009110472723313123,0.0014718619145090382,-0.012147296964417496,0.0019624825526787177,-0.015184121205521869,0.002453103190848397,-0.018220945446626245,0.0029437238290180765,-0.021257769687730618,0.003434344467187756,-0.02429459392883499,0.003924965105357435
dbdf786ab47ae26b,0.004909197120607549,0.0012974812393763933,0.009818394241215098,0.0025949624787527867,0.014727591361822646,0.00389244371812918,0.019636788482430195,0.005189924957505573,0.024545985603037744,0.006487406196881967,0.029455182723645293,0.00778488743625836,0.03436437984425284,0.009082368675634753,0.03927357696486039,0.010379849915011147
dc8e54f13669cbe8,-8.181379542922543e-05,-0.00356987863976392,-0.00016362759085845085,-0.00713975727952784,-0.00024544138628767627,-0.01070963591929176,-0.0003272551817169017,-0.01427951455905568,-0.00040906897714612715,-0.0178493931988196,-0.0004908827725753525,-0.02141927183858352,-0.000572696568004578,-0.02498915047834744,-0.0006545103634338034,-0.02855902911811136
dd38d5d7d0e208fa,-0.0012264928864491307,-0.0030694418276938076,-0.0024529857728982614,-0.006138883655387615,-0.003679478659347392,-0.009208325483081422,-0.004905971545796523,-0.01227776731077523,-0.006132464432245653,-0.015347209138469039,-0.007358957318694784,-0.018416650966162844,-0.008585450205143915,-0.021486092793856652,-0.009811943091593046,-0.02455553462155046
df66434fe3f31a6a,-0.005211180465490943,-0.0005299998831577476,-0.010422360930981886,-0.0010599997663154953,-0.015633541396472828,-0.001589999649473243,-0.02084472186196377,-0.0021199995326309905,-0.026055902327454715,-0.002649999415788738,-0.031267082792945655,-0.003179999298946486,-0.0364782632584366,-0.0037099991821042335,-0.04168944372392754,-0.004239999065261981
e04ff97edef0f404,-0.005040819941234388,-0.002154106974015475,-0.010081639882468777,-0.00430821394803095,-0.015122459823703166,-0.006462320922046424,-0.020163279764937554,-0.0086164278960619,-0.02520409970617194,-0.010770534870077375,-0.030244919647406332,-0.012924641844092848,-0.035285739588640716,-0.015078748818108324,-0.04032655952987511,-0.0172328557921238
e1120eefb5cf3674,-0.0024177036195321398,-0.006908800784129462,-0.0048354072390642796,-0.013817601568258925,-0.00725311085859642,-0.020726402352388387,-0.009670814478128559,-0.02763520313651785,-0.012088518097660698,-0.03454400392064731,-0.01450622171719284,-0.041452804704776774,-0.016923925336724977,-0.04836160548890624,-0.019341628956257118,-0.0552704062730357
e319082c968cc2cf,-0.0003914032317452366,-0.0039956605182467535,-0.0007828064634904731,-0.007991321036493507,-0.0011742096952357098,-0.011986981554740261,-0.0015656129269809463,-0.015982642072987014,-0.001957016158726183,-0.019978302591233767,-0.0023484193904714195,-0.023973963109480523,-0.002739822622216656,-0.027969623627727275,-0.0031312258539618926,-0.03196528414597403
e602fb673fb47be9,0.0010010928773928722,-0.0033704546169383252,0.0020021857547857444,-0.0067409092338766505,0.0030032786321786166,-0.010111363850814976,0.004004371509571489,-0.013481818467753301,0.005005464386964361,-0.016852273084691626,0.006006557264357233,-0.02022272770162995,0.007007650141750105,-0.023593182318568277,0.008008743019142978,-0.026963636935506602
e6b98c6873af982f,-0.003277562491398234,-0.00028475393324121727,-0.006555124982796468,-0.0005695078664824345,-0.009832687474194702,-0.0008542617997236518,-0.013110249965592936,-0.001139015732964869,-0.01638781245699117,-0.0014237696662060865,-0.019665374948389405,-0.0017085235994473036,-0.02294293743978764,-0.001993277532688521,-0.026220499931185873,-0.002278031465929738
e91d1cc6cdb92f94,-0.005333789880726314,-0.0033346428810465726,-0.010667579761452628,-0.006669285762093145,-0.016001369642178943,-0.010003928643139717,-0.021335159522905257,-0.01333857152418629,-0.02666894940363157,-0.016673214405232863,-0.03200273928435789,-0.020007857286279435,-0.0373365291650842,-0.02334250016732601,-0.04267031904581051,-0.02667714304837258
ea4f3982b13a27c0,-0.003386061439928305,1.9115719532068848e-05,-0.00677212287985661,3.8231439064137695e-05,-0.010158184319784914,5.734715859620654e-05,-0.01354424575971322,7.646287812827539e-05,-0.016930307199641524,9.557859766034424e-05,-0.02031636863956983,0.00011469431719241308,-0.023702430079498134,0.00013381003672448193,-0.02708849151942644,0.00015292575625655078
eb72290bb3d2a997,0.0006222879481495093,-0.003050777530749613,0.0012445758962990187,-0.006101555061499226,0.0018668638444485279,-0.00915233259224884,0.0024891517925980373,-0.012203110122998451,0.0031114397407475468,-0.015253887653748063,0.0037337276888970558,-0.01830466518449768,0.004356015637046565,-0.02135544271524729,0.004978303585196075,-0.024406220245996903
eb7eab2fdbd1d385,-0.0023349513719142486,0.0022276576401262537,-0.004669902743828497,0.0044553152802525075,-0.007004854115742746,0.006682972920378762,-0.009339805487656994,0.008910630560505015,-0.011674756859571242,0.011138288200631268,-0.014009708231485491,0.013365945840757523,-0.01634465960339974,0.015593603480883777,-0.01867961097531399,0.01782126112101003
eb83c59df40a1a5c,-0.004492004876788609,-0.000672623665019459,-0.008984009753577217,-0.001345247330038918,-0.013476014630365827,-0.002017870995058377,-0.017968019507154435,-0.002690494660077836,-0.022460024383943043,-0.003363118325097295,-0.026952029260731654,-0.004035741990116754,-0.03144403413752026,-0.0047083656551362135,-0.03593603901430887,-0.005380989320155672
ecb0a3a5b1d60790,-0.003439911519015128,-0.00016383499270133616,-0.006879823038030256,-0.0003276699854026723,-0.010319734557045384,-0.0004915049781040085,-0.013759646076060512,-0.0006553399708053447,-0.01719955759507564,-0.0008191749635066808,-0.02063946911409077,-0.000983009956208017,-0.0240793806331059,-0.0011468449489093532,-0.027519292152121025,-0.0013106799416106893
f0f313086475dd68,0.0012522092878695357,-0.003161153356128603,0.0025044185757390714,-0.006322306712257206,0.003756627863608607,-0.00948346006838581,0.005008837151478143,-0.012644613424514412,0.006261046439347679,-0.015805766780643014,0.007513255727217214,-0.01896692013677162,0.00876546501508675,-0.022128073492900222,0.010017674302956286,-0.025289226849028824
f1d03fbb9dec0c0f,0.0005121796089111066,-0.0039775163044106915,0.0010243592178222133,-0.007955032608821383,0.0015365388267333199,-0.011932548913232074,0.0020487184356444265,-0.015910065217642766,0.002560898044555533,-0.019887581522053457,0.0030730776534666398,-0.02386509782646415,0.0035852572623777464,-0.02784261413087484,0.004097436871288853,-0.03182013043528553
f26f604d7af26eb2,-0.0013346156932486763,-0.002948016147312392,-0.0026692313864973526,-0.005896032294624784,-0.004003847079746029,-0.008844048441937175,-0.005338462772994705,-0.011792064589249567,-0.006673078466243381,-0.01474008073656196,-0.008007694159492058,-0.01768809688387435,-0.009342309852740734,-0.020636113031186742,-0.01067692554598941,-0.023584129178499134
f2e4cf455f220d6d,-0.0006289734564665708,-0.005515414622647285,-0.0012579469129331416,-0.01103082924529457,-0.0018869203693997125,-0.016546243867941856,-0.0025158938258662833,-0.02206165849058914,-0.003144867282332854,-0.027577073113236424,-0.003773840738799425,-0.03309248773588371,-0.004402814195265996,-0.038607902358530996,-0.005031787651732567,-0.04412331698117828
f3fd05b0a6548820,-0.004225511534293091,0.00022583348032706118,-0.008451023068586182,0.00045166696065412237,-0.012676534602879274,0.0006775004409811836,-0.016902046137172364,0.0009033339213082447,-0.021127557671465454,0.0011291674016353059,-0.025353069205758548,0.0013550008819623672,-0.029578580740051638,0.0015808343622894282,-0.03380409227434473,0.0018066678426164895
f5afa19e60f4896d,0.004127708378807462,-0.0029923731406773573,0.008255416757614924,-0.005984746281354715,0.012383125136422386,-0.008977119422032071,0.016510833515229847,-0.01196949256270943,0.02063854189403731,-0.014961865703386788,0.02476625027284477,-0.017954238844064142,0.028893958651652233,-0.0209466119847415,0.033021667030459695,-0.02393898512541886
f61f480f8d829142,-0.003210917130653131,-0.00029010052162034826,-0.006421834261306262,-0.0005802010432406965,-0.009632751391959392,-0.0008703015648610448,-0.012843668522612523,-0.001160402086481393,-0.016054585653265653,-0.0014505026081017413,-0.019265502783918784,-0.0017406031297220897,-0.022476419914571916,-0.002030703651342438,-0.025687337045225047,-0.002320804172962786
f8210eb603f6bed4,-0.0017840491757562277,0.0028672532797767956,-0.0035680983515124554,0.005734506559553591,-0.005352147527268683,0.008601759839330387,-0.007136196703024911,0.011469013119107183,-0.008920245878781138,0.014336266398883978,-0.010704295054537367,0.017203519678660774,-0.012488344230293593,0.02007077295843757,-0.014272393406049822,0.022938026238214365
f8846a37c4bb94e9,0.0017358054889868994,-0.002712525401264894,0.0034716109779737987,-0.005425050802529788,0.005207416466960698,-0.008137576203794683,0.006943221955947597,-0.010850101605059576,0.008679027444934496,-0.01356262700632447,0.010414832933921396,-0.016275152407589366,0.012150638422908295,-0.01898767780885426,0.013886443911895195,-0.021700203210119152
faae96f7a3add357,0.0001007712058613253,-0.005368302435945265,0.0002015424117226506,-0.01073660487189053,0.0003023136175839759,-0.016104907307835797,0.0004030848234453012,-0.02147320974378106,0.0005038560293066265,-0.026841512179726325,0.0006046272351679518,-0.03220981461567159,0.0007053984410292771,-0.03757811705161686,0.0008061696468906024,-0.04294641948756212
fab458569f40f2b0,-0.00375711087564615,-0.00036334563599264543,-0.0075142217512923,-0.0007266912719852909,-0.01127133262693845,-0.0010900369079779363,-0.0150284435025846,-0.0014533825439705817,-0.018785554378230748,-0.0018167281799632271,-0.0225426652538769,-0.0021800738159558726,-0.02629977612952305,-0.002543419451948518,-0.0300568870051692,-0.0029067650879411634
fb46969cf131e3c2,-0.005256824635612871,-2.134888176980442e-05,-0.010513649271225741,-4.269776353960884e-05,-0.01577047390683861,-6.404664530941326e-05,-0.021027298542451483,-8.539552707921768e-05,-0.026284123178064354,-0.0001067444088490221,-0.03154094781367722,-0.00012809329061882652,-0.0367977724492901,-0.00014944217238863094,-0.042054597084902966,-0.00017079105415843536
fb9a93dcd9a48a17,-0.0019280362256585374,-0.003118345917930457,-0.0038560724513170747,-0.006236691835860914,-0.005784108676975612,-0.009355037753791371,-0.0077121449026341495,-0.012473383671721829,-0.009640181128292687,-0.015591729589652286,-0.011568217353951225,-0.018710075507582743,-0.013496253579609761,-0.0218284214255132,-0.015424289805268299,-0.024946767343443657
fd29554b2812ac65,0.0006892367065258019,-0.0030371504233832744,0.0013784734130516038,-0.006074300846766549,0.0020677101195774057,-0.009111451270149822,0.0027569468261032077,-0.012148601693533097,0.0034461835326290097,-0.015185752116916373,0.004135420239154811,-0.018222902540299644,0.004824656945680614,-0.02126005296368292,0.005513893652206415,-0.024297203387066195
fd9591ddb3a92c12,0.0035014161845412116,-0.004623702914192271,0.007002832369082423,-0.009247405828384542,0.010504248553623634,-0.013871108742576813,0.014005664738164846,-0.018494811656769083,0.01750708092270606,-0.023118514570961354,0.021008497107247268,-0.027742217485153625,0.02450991329178848,-0.032365920399345896,0.028011329476329692,-0.03698962331353817
fe686159bd91fda2,-0.003205211245621135,0.0005116008334480296,-0.00641042249124227,0.0010232016668960593,-0.009615633736863406,0.001534802500344089,-0.01282084498248454,0.0020464033337921185,-0.016026056228105674,0.002558004167240148,-0.01923126747372681,0.003069605000688178,-0.022436478719347945,0.0035812058341362077,-0.02564168996496908,0.004092806667584237
